lookback,lookforward,trades,dropped_data_end_trades,win_rate_pct,avg_r,median_r,profit_factor,total_return_pct,ambiguous_intrabar_events,ambiguous_pct
1,1,13048,1,25.34,0.0001,0.0,0.9882,-25.2,1005,7.7
2,1,9864,1,25.08,-0.0106,0.0,0.9616,-52.6,631,6.4
2,2,8596,1,25.62,-0.0054,0.0,0.9814,-33.89,507,5.9
3,1,8051,1,25.04,-0.0129,0.0,0.9626,-50.36,476,5.91
3,2,7121,1,24.97,-0.0232,0.0,0.9523,-62.52,392,5.5
3,3,6510,1,24.93,-0.0295,0.0,0.9325,-66.96,337,5.18
4,1,6874,1,25.11,-0.0116,0.0,0.967,-43.94,377,5.48
4,2,6153,1,25.22,-0.019,0.0,0.9621,-51.17,322,5.23
4,3,5515,1,25.68,0.0074,0.0,1.005,7.6,271,4.91
4,4,5178,1,26.32,0.0261,0.0,1.0435,72.92,256,4.94
5,1,6076,1,25.28,-0.0066,0.0,0.973,-29.25,301,4.95
5,2,5541,1,24.91,-0.037,0.0,0.9284,-68.12,257,4.64
5,3,4975,1,25.35,-0.004,0.0,0.9836,-19.77,213,4.28
5,4,4617,1,26.14,0.0234,0.0,1.0339,52.68,206,4.46
5,5,4412,0,26.18,0.0324,0.0,1.0504,83.1,208,4.71
6,1,5524,1,25.22,-0.0138,0.0,0.9625,-40.1,269,4.87
6,2,4993,1,25.34,-0.0222,0.0,0.9564,-48.53,226,4.53
6,3,4556,1,26.54,0.027,0.0,1.0383,64.79,203,4.46
6,4,4202,0,26.92,0.0405,0.0,1.0633,110.02,177,4.21
6,5,4008,0,26.87,0.0357,0.0,1.0597,85.07,182,4.54
6,6,3809,0,26.86,0.0297,0.0,1.0431,60.05,175,4.59
7,1,5021,1,24.86,-0.0123,0.0,0.9634,-35.38,239,4.76
7,2,4602,1,25.21,-0.0117,0.0,0.9719,-31.27,210,4.56
7,3,4152,1,25.75,0.0299,0.0,1.0441,65.95,187,4.5
7,4,3818,0,26.69,0.0343,0.0,1.053,73.99,161,4.22
7,5,3677,0,26.68,0.0288,0.0,1.0427,54.51,163,4.43
7,6,3451,0,26.72,0.0298,0.0,1.041,52.82,153,4.43
7,7,3321,0,26.26,0.0238,0.0,1.0363,36.61,158,4.76
8,1,4565,1,24.47,-0.0217,0.0,0.9512,-45.49,195,4.27
8,2,4232,1,24.88,-0.0113,0.0,0.9728,-28.82,185,4.37
8,3,3871,1,25.39,0.0183,0.0,1.0207,28.39,173,4.47
8,4,3464,0,25.95,0.0101,0.0,1.0081,8.77,140,4.04
8,5,3352,0,26.67,0.0304,0.0,1.0452,52.46,146,4.36
8,6,3179,0,27.02,0.0305,0.0,1.0426,49.31,139,4.37
8,7,3108,0,26.38,0.0235,0.0,1.038,33.25,143,4.6
8,8,2984,0,25.57,0.0054,0.0,1.0007,0.56,136,4.56
9,1,4262,1,24.1,-0.0305,0.0,0.9387,-53.02,170,3.99
9,2,3926,1,24.76,-0.0148,0.0,0.9664,-31.77,171,4.36
9,3,3484,1,25.37,0.0215,0.0,1.0268,32.11,149,4.28
9,4,3169,0,25.5,0.0025,0.0,0.9952,-4.31,120,3.79
9,5,3080,0,26.36,0.0224,0.0,1.032,30.29,130,4.22
9,6,2884,0,26.28,0.0225,0.0,1.0308,27.88,126,4.37
9,7,2829,0,26.3,0.0219,0.0,1.0365,26.8,125,4.42
9,8,2741,0,25.32,-0.0036,0.0,0.9831,-11.11,120,4.38
9,9,2749,0,24.77,-0.0084,-1.0,0.9707,-16.7,119,4.33
10,1,4001,1,24.24,-0.0217,0.0,0.9502,-41.12,154,3.85
10,2,3683,1,24.36,-0.0171,0.0,0.9609,-33.2,156,4.24
10,3,3276,1,25.06,0.0244,0.0,1.0339,36.38,137,4.18
10,4,3035,0,25.37,0.0132,0.0,1.0142,12.9,124,4.09
10,5,2908,1,26.17,0.0224,0.0,1.0331,28.76,119,4.09
10,6,2704,1,26.41,0.0196,0.0,1.0262,21.68,112,4.14
10,7,2664,0,26.39,0.0158,0.0,1.0217,15.32,112,4.2
10,8,2576,0,25.82,0.0035,0.0,0.9972,-1.91,101,3.92
10,9,2582,0,25.06,-0.0058,0.0,0.9766,-12.73,109,4.22
10,10,2545,0,25.27,-0.0098,0.0,0.9706,-16.8,120,4.72
11,1,3762,1,24.35,-0.0197,0.0,0.9567,-36.82,158,4.2
11,2,3449,1,25.05,-0.0052,0.0,0.9826,-16.03,149,4.32
11,3,3105,1,25.51,0.03,0.0,1.0456,46.18,129,4.15
11,4,2909,1,25.64,0.0189,0.0,1.0256,22.05,118,4.06
11,5,2802,1,25.91,0.0128,0.0,1.0169,11.82,114,4.07
11,6,2608,1,26.11,0.0081,0.0,1.0058,4.08,102,3.91
11,7,2546,1,26.2,0.0126,0.0,1.0158,10.05,109,4.28
11,8,2442,0,26.0,0.0106,0.0,1.011,7.08,105,4.3
11,9,2504,0,24.76,-0.002,0.0,0.9853,-8.46,109,4.35
11,10,2458,0,24.74,-0.0053,0.0,0.9806,-11.88,118,4.8
12,1,3505,1,24.54,-0.0165,0.0,0.9624,-31.15,143,4.08
12,2,3196,1,25.59,0.0144,0.0,1.0153,15.87,140,4.38
12,3,2978,1,26.12,0.0453,0.0,1.077,80.78,132,4.43
12,4,2789,1,25.89,0.0262,0.0,1.0402,33.73,116,4.16
12,5,2697,1,26.03,0.0252,0.0,1.0454,31.23,119,4.41
12,6,2516,1,26.15,0.0167,0.0,1.0225,15.73,104,4.13
12,7,2469,1,26.16,0.0239,0.0,1.0398,26.01,105,4.25
12,8,2350,0,26.04,0.0238,0.0,1.0366,24.56,100,4.26
12,9,2392,0,25.04,0.0033,0.0,0.9965,-1.96,104,4.35
12,10,2317,0,25.21,0.0168,0.0,1.0221,14.56,107,4.62
13,1,3310,1,24.38,-0.0248,0.0,0.9469,-38.68,133,4.02
13,2,3039,1,25.57,0.0059,0.0,1.0014,1.23,127,4.18
13,3,2787,1,26.44,0.0556,0.0,1.1004,100.79,120,4.31
13,4,2632,1,25.8,0.027,0.0,1.0424,32.98,109,4.14
13,5,2537,1,26.53,0.0347,0.0,1.0674,45.64,116,4.57
13,6,2381,1,26.59,0.026,0.0,1.0403,28.24,97,4.07
13,7,2338,1,26.35,0.0342,0.0,1.0621,40.27,102,4.36
13,8,2250,0,25.87,0.0307,0.0,1.051,33.1,98,4.36
13,9,2285,0,24.6,-0.0057,0.0,0.9774,-11.48,94,4.11
13,10,2205,0,24.99,0.0227,0.0,1.0335,21.24,99,4.49
14,1,3168,1,24.43,-0.0253,0.0,0.9478,-37.87,119,3.76
14,2,2918,1,25.43,-0.012,-1.0,0.9699,-21.86,121,4.15
14,3,2706,1,26.09,0.0329,0.0,1.056,45.08,115,4.25
14,4,2510,1,26.02,0.0163,0.0,1.0235,15.13,105,4.18
14,5,2403,1,26.8,0.0341,0.0,1.0666,41.81,112,4.66
14,6,2290,1,26.81,0.0288,0.0,1.0461,31.06,95,4.15
14,7,2214,1,26.51,0.0393,0.0,1.0732,45.74,99,4.47
14,8,2138,0,26.38,0.0496,0.0,1.0912,60.56,93,4.35
14,9,2167,0,24.97,0.0069,0.0,1.0041,2.07,88,4.06
14,10,2090,0,25.6,0.0335,0.0,1.0562,34.33,93,4.45
15,1,3019,0,24.68,-0.0285,-1.0,0.9398,-39.46,116,3.84
15,2,2827,1,25.19,-0.0064,0.0,0.9787,-14.94,111,3.93
15,3,2615,1,25.77,0.0222,0.0,1.0341,24.49,109,4.17
15,4,2435,1,25.59,0.0119,0.0,1.0143,8.61,101,4.15
15,5,2337,1,26.87,0.0308,0.0,1.0571,35.08,105,4.49
15,6,2204,1,26.95,0.0318,0.0,1.0551,33.95,91,4.13
15,7,2144,1,26.96,0.0406,0.0,1.0787,46.1,96,4.48
15,8,2084,0,26.58,0.0446,0.0,1.0812,50.66,90,4.32
15,9,2084,0,25.38,0.0091,0.0,1.0092,4.38,81,3.89
15,10,2006,0,26.02,0.0344,0.0,1.0583,33.94,84,4.19
16,1,2843,0,25.47,0.0049,0.0,0.9999,-0.08,120,4.22
16,2,2708,1,25.37,0.0026,0.0,0.9952,-3.44,108,3.99
16,3,2522,1,25.61,0.0159,-1.0,1.0212,14.15,99,3.93
16,4,2338,1,25.79,0.0163,-0.5,1.022,13.65,97,4.15
16,5,2273,1,26.79,0.033,0.0,1.0583,37.07,101,4.44
16,6,2151,1,26.87,0.0325,0.0,1.0585,34.05,91,4.23
16,7,2089,1,26.9,0.046,0.0,1.0895,52.9,95,4.55
16,8,2007,0,26.36,0.0374,0.0,1.0641,38.0,90,4.48
16,9,2008,0,25.35,0.0085,0.0,1.0076,3.57,82,4.08
16,10,1945,0,26.07,0.0344,0.0,1.0557,32.78,84,4.32
17,1,2773,1,25.21,-0.0036,0.0,0.9847,-11.17,117,4.22
17,2,2597,1,25.11,0.0096,0.0,1.0085,5.94,100,3.85
17,3,2432,1,25.49,0.0123,0.0,1.0148,9.12,97,3.99
17,4,2255,1,25.32,0.0115,0.0,1.0129,7.36,95,4.21
17,5,2206,1,26.65,0.0372,0.0,1.0683,42.3,93,4.22
17,6,2094,1,27.22,0.0578,0.0,1.1172,73.1,83,3.96
17,7,2023,1,26.99,0.0633,0.0,1.1293,79.65,87,4.3
17,8,1953,0,26.32,0.042,0.0,1.0752,43.23,84,4.3
17,9,1936,0,25.67,0.0253,0.0,1.0444,21.67,79,4.08
17,10,1891,0,26.23,0.0471,0.0,1.082,48.37,80,4.23
18,1,2691,1,24.82,-0.0108,0.0,0.9713,-19.08,113,4.2
18,2,2439,1,25.01,0.0176,0.0,1.0231,16.22,89,3.65
18,3,2305,1,25.21,0.02,0.0,1.0306,18.45,89,3.86
18,4,2168,1,25.6,0.0189,0.0,1.0265,15.8,90,4.15
18,5,2133,1,26.72,0.0375,0.0,1.0687,41.14,86,4.03
18,6,2021,1,27.31,0.0628,0.0,1.1282,78.63,84,4.16
18,7,1938,1,26.68,0.049,0.0,1.0964,52.73,82,4.23
18,8,1874,0,26.2,0.039,0.0,1.0692,37.17,82,4.38
18,9,1860,0,25.97,0.0247,0.0,1.0426,20.06,78,4.19
18,10,1817,0,26.14,0.0468,0.0,1.0838,45.66,78,4.29
19,1,2590,1,24.56,-0.0104,0.0,0.972,-18.16,105,4.05
19,2,2358,1,24.98,0.0165,0.0,1.0204,14.3,81,3.44
19,3,2222,1,25.38,0.0261,0.0,1.0452,26.18,83,3.74
19,4,2080,1,26.11,0.0245,0.0,1.0394,22.16,82,3.94
19,5,2028,1,27.22,0.0493,0.0,1.093,56.28,80,3.94
19,6,1955,1,27.83,0.0691,0.0,1.1387,86.22,78,3.99
19,7,1881,1,26.95,0.0542,0.0,1.1066,58.2,76,4.04
19,8,1796,0,26.61,0.0523,0.0,1.0948,52.51,75,4.18
19,9,1787,0,26.3,0.0358,0.0,1.0662,31.55,70,3.92
19,10,1747,0,26.67,0.067,0.0,1.1265,71.04,71,4.06
20,1,2438,1,25.31,0.0209,0.0,1.0298,20.85,96,3.94
20,2,2271,1,24.83,0.0185,0.0,1.0245,16.19,77,3.39
20,3,2155,1,25.29,0.0232,0.0,1.0389,21.39,86,3.99
20,4,2014,1,26.12,0.0258,0.0,1.0419,22.97,80,3.97
20,5,1952,1,27.15,0.0512,0.0,1.0951,56.43,78,4.0
20,6,1872,1,27.3,0.0497,0.0,1.0959,51.38,71,3.79
20,7,1806,1,27.13,0.0581,0.0,1.1146,60.87,74,4.1
20,8,1713,0,26.8,0.0584,0.0,1.1064,57.34,68,3.97
20,9,1698,0,26.86,0.043,0.0,1.0811,37.8,64,3.77
20,10,1665,0,27.57,0.0781,0.0,1.1531,82.87,67,4.02
